,gas,label,index,energy
0,AsF5,ADDIonADDI,0,-0.0972707569133
1,AsF5,ADDIonADDI,1,-0.0860707569133
2,AsF5,ADDIonADDI,2,-0.1225707569133
3,AsF5,ADDIonADDI,3,-0.1445707569133
4,AsF5,ADDIonADDI,4,-0.0716707569133
5,AsF5,ADDIonADDI,5,-0.0838707569133
6,AsF5,ADDIonADDI,6,-0.1232707569133
7,AsF5,ADDIonADDI,7,0.1649292430867
8,AsF5,ADDIonADDI,8,-0.1006707569133
9,AsF5,ADDIonADDI,9,-0.0896707569133
10,AsF5,ADDIonADDI,mean,-0.07547075691329999
11,AsF5,ADDIonADDI,min,-0.1445707569133
12,AsF5,ADDIonADDI,max,0.1649292430867
13,AsF5,ADDIonADDI,range,0.3095
14,AsF5,HFonADDI,0,-0.32811658018669
15,AsF5,HFonADDI,1,-0.31221658018669
16,AsF5,HFonADDI,2,-0.30841658018669
17,AsF5,HFonADDI,3,-0.27691658018669
18,AsF5,HFonADDI,4,-0.28881658018669
19,AsF5,HFonADDI,5,-0.30781658018669
20,AsF5,HFonADDI,6,-0.30761658018669
21,AsF5,HFonADDI,7,-0.26731658018669
22,AsF5,HFonADDI,8,-0.30521658018669
23,AsF5,HFonADDI,9,-0.21171658018669
24,AsF5,HFonADDI,mean,-0.29141658018669003
25,AsF5,HFonADDI,min,-0.32811658018669
26,AsF5,HFonADDI,max,-0.21171658018669
27,AsF5,HFonADDI,range,0.11639999999999998
28,AsF5,ADDIonHF,0,-0.1297707569133
29,AsF5,ADDIonHF,1,-0.3929707569133
30,AsF5,ADDIonHF,2,-0.1325707569133
31,AsF5,ADDIonHF,3,-0.1608707569133
32,AsF5,ADDIonHF,4,-0.0781707569133
33,AsF5,ADDIonHF,5,-0.4176707569133
34,AsF5,ADDIonHF,6,-0.0716707569133
35,AsF5,ADDIonHF,7,0.0151292430867
36,AsF5,ADDIonHF,8,-0.3926707569133
37,AsF5,ADDIonHF,9,-0.1119707569133
38,AsF5,ADDIonHF,mean,-0.18732075691330002
39,AsF5,ADDIonHF,min,-0.4176707569133
40,AsF5,ADDIonHF,max,0.0151292430867
41,AsF5,ADDIonHF,range,0.4328
42,AsF5,bareSurface,0,-0.4345707569133
43,AsF5,bareSurface,1,-0.4412707569133
44,AsF5,bareSurface,2,-0.5507707569133
45,AsF5,bareSurface,3,-0.7901707569133
46,AsF5,bareSurface,4,-0.5478707569133
47,AsF5,bareSurface,5,-0.5424707569133
48,AsF5,bareSurface,6,-0.5782707569133
49,AsF5,bareSurface,7,-0.4147707569133
50,AsF5,bareSurface,8,-0.5682707569133
51,AsF5,bareSurface,9,-0.9096707569133
52,AsF5,bareSurface,mean,-0.5778107569133001
53,AsF5,bareSurface,min,-0.9096707569133
54,AsF5,bareSurface,max,-0.4147707569133
55,AsF5,bareSurface,range,0.4949
56,BF3,ADDIonADDI,0,-0.2317140673788
57,BF3,ADDIonADDI,1,-0.2702140673788
58,BF3,ADDIonADDI,2,-0.1474140673788
59,BF3,ADDIonADDI,3,-0.3458140673788
60,BF3,ADDIonADDI,4,-0.2874140673788
61,BF3,ADDIonADDI,5,-0.2702140673788
62,BF3,ADDIonADDI,6,-0.3530140673788
63,BF3,ADDIonADDI,7,-0.2973140673788
64,BF3,ADDIonADDI,8,-0.1102140673788
65,BF3,ADDIonADDI,9,-0.2549140673788
66,BF3,ADDIonADDI,mean,-0.2568240673788
67,BF3,ADDIonADDI,min,-0.3530140673788
68,BF3,ADDIonADDI,max,-0.1102140673788
69,BF3,ADDIonADDI,range,0.24279999999999996
70,BF3,HFonADDI,0,-0.30701658018669
71,BF3,HFonADDI,1,-0.20531658018669
72,BF3,HFonADDI,2,-0.28341658018669
73,BF3,HFonADDI,3,-0.21761658018669
74,BF3,HFonADDI,4,-0.32251658018669
75,BF3,HFonADDI,5,-0.20771658018669
76,BF3,HFonADDI,6,-0.19781658018669
77,BF3,HFonADDI,7,-0.22161658018669
78,BF3,HFonADDI,8,-0.18531658018669
79,BF3,HFonADDI,9,-0.21611658018669
80,BF3,HFonADDI,mean,-0.23644658018669001
81,BF3,HFonADDI,min,-0.32251658018669
82,BF3,HFonADDI,max,-0.18531658018669
83,BF3,HFonADDI,range,0.1372
84,BF3,ADDIonHF,0,-0.5645140673788
85,BF3,ADDIonHF,1,-0.1543140673788
86,BF3,ADDIonHF,2,-0.2246140673788
87,BF3,ADDIonHF,3,-0.1513140673788
88,BF3,ADDIonHF,4,-0.5349140673788
89,BF3,ADDIonHF,5,-0.5705140673788
90,BF3,ADDIonHF,6,-0.2363140673788
91,BF3,ADDIonHF,7,-0.2732140673788
92,BF3,ADDIonHF,8,-0.5752140673788
93,BF3,ADDIonHF,9,-0.2958140673788
94,BF3,ADDIonHF,mean,-0.3580740673788
95,BF3,ADDIonHF,min,-0.5752140673788
96,BF3,ADDIonHF,max,-0.1513140673788
97,BF3,ADDIonHF,range,0.4239
98,BF3,bareSurface,0,-0.1877140673788
99,BF3,bareSurface,1,-0.3534140673788
100,BF3,bareSurface,2,-0.4555140673788
101,BF3,bareSurface,3,-0.4544140673788
102,BF3,bareSurface,4,-0.4472140673788
103,BF3,bareSurface,5,-0.4646140673788
104,BF3,bareSurface,6,-0.4464140673788
105,BF3,bareSurface,7,-0.4472140673788
106,BF3,bareSurface,8,-0.1905140673788
107,BF3,bareSurface,9,-0.4619140673788
108,BF3,bareSurface,mean,-0.39089406737880006
109,BF3,bareSurface,min,-0.4646140673788
110,BF3,bareSurface,max,-0.1877140673788
111,BF3,bareSurface,range,0.27690000000000003
112,BiF5,ADDIonADDI,0,0.0337446393257
113,BiF5,ADDIonADDI,1,-0.3333553606743
114,BiF5,ADDIonADDI,2,-0.2436553606743
115,BiF5,ADDIonADDI,3,-0.2850553606743
116,BiF5,ADDIonADDI,4,-0.4889553606743
117,BiF5,ADDIonADDI,5,-0.5370553606743
118,BiF5,ADDIonADDI,6,-0.3369553606743
119,BiF5,ADDIonADDI,7,-0.4335553606743
120,BiF5,ADDIonADDI,8,-0.1472553606743
121,BiF5,ADDIonADDI,9,-0.5073553606743
122,BiF5,ADDIonADDI,mean,-0.3279453606743
123,BiF5,ADDIonADDI,min,-0.5370553606743
124,BiF5,ADDIonADDI,max,0.0337446393257
125,BiF5,ADDIonADDI,range,0.5708000000000001
126,BiF5,HFonADDI,0,-0.46871658018669
127,BiF5,HFonADDI,1,-0.49221658018669
128,BiF5,HFonADDI,2,-0.33391658018669
129,BiF5,HFonADDI,3,-0.48401658018669
130,BiF5,HFonADDI,4,-0.47861658018669
131,BiF5,HFonADDI,5,-0.67721658018669
132,BiF5,HFonADDI,6,-0.45941658018669
133,BiF5,HFonADDI,7,-0.42941658018669
134,BiF5,HFonADDI,8,-0.48051658018669
135,BiF5,HFonADDI,9,-0.48581658018669
136,BiF5,HFonADDI,mean,-0.47898658018669
137,BiF5,HFonADDI,min,-0.67721658018669
138,BiF5,HFonADDI,max,-0.33391658018669
139,BiF5,HFonADDI,range,0.34329999999999994
140,BiF5,ADDIonHF,0,-1.6149553606743
141,BiF5,ADDIonHF,1,-0.1967553606743
142,BiF5,ADDIonHF,2,0.0516446393257
143,BiF5,ADDIonHF,3,6.0060446393257
144,BiF5,ADDIonHF,4,-0.7436553606743
145,BiF5,ADDIonHF,5,-0.0148553606743
146,BiF5,ADDIonHF,6,-0.7428553606743
147,BiF5,ADDIonHF,7,-1.8799553606743
148,BiF5,ADDIonHF,8,-1.3371553606743
149,BiF5,ADDIonHF,9,-1.9779553606743
150,BiF5,ADDIonHF,mean,-0.24504536067429994
151,BiF5,ADDIonHF,min,-1.9779553606743
152,BiF5,ADDIonHF,max,6.0060446393257
153,BiF5,ADDIonHF,range,7.984
154,BiF5,bareSurface,0,-1.8855553606743
155,BiF5,bareSurface,1,-2.0937553606743
156,BiF5,bareSurface,2,-1.9906553606743
157,BiF5,bareSurface,3,-2.0337553606743
158,BiF5,bareSurface,4,-1.9384553606743
159,BiF5,bareSurface,5,-2.0913553606743
160,BiF5,bareSurface,6,-2.0702553606743
161,BiF5,bareSurface,7,-1.9680553606743
162,BiF5,bareSurface,8,-1.3102553606743
163,BiF5,bareSurface,9,-2.1396553606743
164,BiF5,bareSurface,mean,-1.9521753606743004
165,BiF5,bareSurface,min,-2.1396553606743
166,BiF5,bareSurface,max,-1.3102553606743
167,BiF5,bareSurface,range,0.8294000000000001
168,BrF5,ADDIonADDI,0,-0.1958485877975
169,BrF5,ADDIonADDI,1,-0.0021485877975
170,BrF5,ADDIonADDI,2,-0.0155485877975
171,BrF5,ADDIonADDI,3,0.0809514122025
172,BrF5,ADDIonADDI,4,0.1398514122025
173,BrF5,ADDIonADDI,5,0.0116514122025
174,BrF5,ADDIonADDI,6,-0.0036485877975
175,BrF5,ADDIonADDI,7,-0.0516485877975
176,BrF5,ADDIonADDI,8,-0.0006485877975
177,BrF5,ADDIonADDI,9,0.0441514122025
178,BrF5,ADDIonADDI,mean,0.0007114122024999995
179,BrF5,ADDIonADDI,min,-0.1958485877975
180,BrF5,ADDIonADDI,max,0.1398514122025
181,BrF5,ADDIonADDI,range,0.3357
182,BrF5,HFonADDI,0,-0.41881658018669
183,BrF5,HFonADDI,1,-0.38951658018669
184,BrF5,HFonADDI,2,-0.42511658018669
185,BrF5,HFonADDI,3,-0.44121658018669
186,BrF5,HFonADDI,4,-0.42951658018669
187,BrF5,HFonADDI,5,-0.41171658018669
188,BrF5,HFonADDI,6,-0.39371658018669
189,BrF5,HFonADDI,7,-0.15771658018669
190,BrF5,HFonADDI,8,-0.35961658018669
191,BrF5,HFonADDI,9,-0.40761658018669
192,BrF5,HFonADDI,mean,-0.38345658018669004
193,BrF5,HFonADDI,min,-0.44121658018669
194,BrF5,HFonADDI,max,-0.15771658018669
195,BrF5,HFonADDI,range,0.28350000000000003
196,BrF5,ADDIonHF,0,-0.9201485877975
197,BrF5,ADDIonHF,1,-0.3055485877975
198,BrF5,ADDIonHF,2,-0.1073485877975
199,BrF5,ADDIonHF,3,7.2323514122025
200,BrF5,ADDIonHF,4,-0.1261485877975
201,BrF5,ADDIonHF,5,-0.6573485877975
202,BrF5,ADDIonHF,6,4.6315514122025
203,BrF5,ADDIonHF,7,-0.8171485877975
204,BrF5,ADDIonHF,8,-0.2333485877975
205,BrF5,ADDIonHF,9,-0.0205485877975
206,BrF5,ADDIonHF,mean,0.8676314122025
207,BrF5,ADDIonHF,min,-0.9201485877975
208,BrF5,ADDIonHF,max,7.2323514122025
209,BrF5,ADDIonHF,range,8.1525
210,BrF5,bareSurface,0,-0.8586485877975
211,BrF5,bareSurface,1,-0.8944485877975
212,BrF5,bareSurface,2,-0.9269485877975
213,BrF5,bareSurface,3,-0.8923485877975
214,BrF5,bareSurface,4,-0.8212485877975
215,BrF5,bareSurface,5,-0.8624485877975
216,BrF5,bareSurface,6,-0.7387485877975
217,BrF5,bareSurface,7,-1.1471485877975
218,BrF5,bareSurface,8,-0.9365485877975
219,BrF5,bareSurface,9,-0.4760485877975
220,BrF5,bareSurface,mean,-0.8554585877975001
221,BrF5,bareSurface,min,-1.1471485877975
222,BrF5,bareSurface,max,-0.4760485877975
223,BrF5,bareSurface,range,0.6711
224,C2I2F4,ADDIonADDI,0,-0.3455421388457
225,C2I2F4,ADDIonADDI,1,-0.5809421388457
226,C2I2F4,ADDIonADDI,2,-0.1826421388457
227,C2I2F4,ADDIonADDI,3,-0.3215421388457
228,C2I2F4,ADDIonADDI,4,-0.4215421388457
229,C2I2F4,ADDIonADDI,5,-1.1136421388457
230,C2I2F4,ADDIonADDI,6,-0.0965421388457
231,C2I2F4,ADDIonADDI,7,-0.3353421388457
232,C2I2F4,ADDIonADDI,8,1.5821578611543
233,C2I2F4,ADDIonADDI,9,-0.6522421388457
234,C2I2F4,ADDIonADDI,mean,-0.24678213884570005
235,C2I2F4,ADDIonADDI,min,-1.1136421388457
236,C2I2F4,ADDIonADDI,max,1.5821578611543
237,C2I2F4,ADDIonADDI,range,2.6958
238,C2I2F4,HFonADDI,0,-0.23741658018669
239,C2I2F4,HFonADDI,1,-0.24251658018669
240,C2I2F4,HFonADDI,2,-0.25031658018669
241,C2I2F4,HFonADDI,3,-0.31931658018669
242,C2I2F4,HFonADDI,4,-0.28781658018669
243,C2I2F4,HFonADDI,5,-0.25341658018669
244,C2I2F4,HFonADDI,6,-0.06201658018669
245,C2I2F4,HFonADDI,7,-0.26691658018669
246,C2I2F4,HFonADDI,8,-0.26791658018669
247,C2I2F4,HFonADDI,9,-0.26751658018669
248,C2I2F4,HFonADDI,mean,-0.24551658018669
249,C2I2F4,HFonADDI,min,-0.31931658018669
250,C2I2F4,HFonADDI,max,-0.06201658018669
251,C2I2F4,HFonADDI,range,0.25730000000000003
252,C2I2F4,ADDIonHF,0,-0.2847421388457
253,C2I2F4,ADDIonHF,1,0.2115578611543
254,C2I2F4,ADDIonHF,2,-0.2132421388457
255,C2I2F4,ADDIonHF,3,-0.0631421388457
256,C2I2F4,ADDIonHF,4,-0.3547421388457
257,C2I2F4,ADDIonHF,5,-0.4100421388457
258,C2I2F4,ADDIonHF,6,-0.3782421388457
259,C2I2F4,ADDIonHF,7,-0.3017421388457
260,C2I2F4,ADDIonHF,8,1.1686578611543
261,C2I2F4,ADDIonHF,9,-0.3866421388457
262,C2I2F4,ADDIonHF,mean,-0.1012321388457
263,C2I2F4,ADDIonHF,min,-0.4100421388457
264,C2I2F4,ADDIonHF,max,1.1686578611543
265,C2I2F4,ADDIonHF,range,1.5787
266,C2I2F4,bareSurface,0,-0.5357421388457
267,C2I2F4,bareSurface,1,-0.4756421388457
268,C2I2F4,bareSurface,2,-0.5720421388457
269,C2I2F4,bareSurface,3,-0.5638421388457
270,C2I2F4,bareSurface,4,-0.6187421388457
271,C2I2F4,bareSurface,5,6.2594578611543
272,C2I2F4,bareSurface,6,-0.5687421388457
273,C2I2F4,bareSurface,7,-0.6663421388457
274,C2I2F4,bareSurface,8,-0.5943421388457
275,C2I2F4,bareSurface,mean,0.18489119448763341
276,C2I2F4,bareSurface,min,-0.6663421388457
277,C2I2F4,bareSurface,max,6.2594578611543
278,C2I2F4,bareSurface,range,6.925800000000001
279,C2IF5,ADDIonADDI,0,-0.219102656645
280,C2IF5,ADDIonADDI,1,-0.421202656645
281,C2IF5,ADDIonADDI,2,-0.277002656645
282,C2IF5,ADDIonADDI,3,-0.226602656645
283,C2IF5,ADDIonADDI,4,-0.262402656645
284,C2IF5,ADDIonADDI,5,-0.437402656645
285,C2IF5,ADDIonADDI,6,-0.251102656645
286,C2IF5,ADDIonADDI,7,-0.260002656645
287,C2IF5,ADDIonADDI,8,-0.174402656645
288,C2IF5,ADDIonADDI,9,-0.271402656645
289,C2IF5,ADDIonADDI,mean,-0.28006265664499996
290,C2IF5,ADDIonADDI,min,-0.437402656645
291,C2IF5,ADDIonADDI,max,-0.174402656645
292,C2IF5,ADDIonADDI,range,0.263
293,C2IF5,HFonADDI,0,-0.11441658018669
294,C2IF5,HFonADDI,1,-0.26341658018669
295,C2IF5,HFonADDI,2,-0.25101658018669
296,C2IF5,HFonADDI,3,-0.27211658018669
297,C2IF5,HFonADDI,4,-0.15811658018669
298,C2IF5,HFonADDI,5,-0.25691658018669
299,C2IF5,HFonADDI,6,-0.23021658018669
300,C2IF5,HFonADDI,7,-0.23941658018669
301,C2IF5,HFonADDI,8,-0.15351658018669
302,C2IF5,HFonADDI,9,-0.24671658018669
303,C2IF5,HFonADDI,mean,-0.21858658018669003
304,C2IF5,HFonADDI,min,-0.27211658018669
305,C2IF5,HFonADDI,max,-0.11441658018669
306,C2IF5,HFonADDI,range,0.1577
307,C2IF5,ADDIonHF,0,-0.310402656645
308,C2IF5,ADDIonHF,1,-0.315502656645
309,C2IF5,ADDIonHF,2,-0.101402656645
310,C2IF5,ADDIonHF,3,-0.165102656645
311,C2IF5,ADDIonHF,4,-0.032702656645
312,C2IF5,ADDIonHF,5,-0.248302656645
313,C2IF5,ADDIonHF,6,-0.295602656645
314,C2IF5,ADDIonHF,7,-0.375102656645
315,C2IF5,ADDIonHF,8,-0.309402656645
316,C2IF5,ADDIonHF,9,-0.376302656645
317,C2IF5,ADDIonHF,mean,-0.252982656645
318,C2IF5,ADDIonHF,min,-0.376302656645
319,C2IF5,ADDIonHF,max,-0.032702656645
320,C2IF5,ADDIonHF,range,0.3436
321,C2IF5,bareSurface,0,-0.359802656645
322,C2IF5,bareSurface,1,-0.350602656645
323,C2IF5,bareSurface,2,-0.410002656645
324,C2IF5,bareSurface,3,-0.429302656645
325,C2IF5,bareSurface,4,-0.454002656645
326,C2IF5,bareSurface,5,-0.375502656645
327,C2IF5,bareSurface,6,-0.233802656645
328,C2IF5,bareSurface,7,-0.389402656645
329,C2IF5,bareSurface,8,-0.411702656645
330,C2IF5,bareSurface,9,1.103697343355
331,C2IF5,bareSurface,mean,-0.23104265664500004
332,C2IF5,bareSurface,min,-0.454002656645
333,C2IF5,bareSurface,max,1.103697343355
334,C2IF5,bareSurface,range,1.5576999999999999
335,CF3I,ADDIonADDI,0,-0.3631392190272
336,CF3I,ADDIonADDI,1,-0.4077392190272
337,CF3I,ADDIonADDI,2,-0.3903392190272
338,CF3I,ADDIonADDI,3,-0.4154392190272
339,CF3I,ADDIonADDI,4,-0.2663392190272
340,CF3I,ADDIonADDI,5,-0.4095392190272
341,CF3I,ADDIonADDI,6,-0.3981392190272
342,CF3I,ADDIonADDI,7,-0.4765392190272
343,CF3I,ADDIonADDI,8,-0.4192392190272
344,CF3I,ADDIonADDI,9,-0.4981392190272
345,CF3I,ADDIonADDI,mean,-0.40445921902719995
346,CF3I,ADDIonADDI,min,-0.4981392190272
347,CF3I,ADDIonADDI,max,-0.2663392190272
348,CF3I,ADDIonADDI,range,0.2318
349,CF3I,HFonADDI,0,-0.03631658018669
350,CF3I,HFonADDI,1,-0.27271658018669
351,CF3I,HFonADDI,2,-0.26121658018669
352,CF3I,HFonADDI,3,-0.21821658018669
353,CF3I,HFonADDI,4,-0.15441658018669
354,CF3I,HFonADDI,5,-0.22581658018669
355,CF3I,HFonADDI,6,-0.25141658018669
356,CF3I,HFonADDI,7,-0.19481658018669
357,CF3I,HFonADDI,8,-0.14111658018669
358,CF3I,HFonADDI,9,-0.18791658018669
359,CF3I,HFonADDI,mean,-0.19439658018668998
360,CF3I,HFonADDI,min,-0.27271658018669
361,CF3I,HFonADDI,max,-0.03631658018669
362,CF3I,HFonADDI,range,0.2364
363,CF3I,ADDIonHF,0,-0.4007392190272
364,CF3I,ADDIonHF,1,-0.3069392190272
365,CF3I,ADDIonHF,2,-0.3888392190272
366,CF3I,ADDIonHF,3,-0.3301392190272
367,CF3I,ADDIonHF,4,-0.4071392190272
368,CF3I,ADDIonHF,5,-0.1641392190272
369,CF3I,ADDIonHF,6,-0.3355392190272
370,CF3I,ADDIonHF,7,-0.2970392190272
371,CF3I,ADDIonHF,8,-0.3196392190272
372,CF3I,ADDIonHF,9,-0.4090392190272
373,CF3I,ADDIonHF,mean,-0.33591921902719996
374,CF3I,ADDIonHF,min,-0.4090392190272
375,CF3I,ADDIonHF,max,-0.1641392190272
376,CF3I,ADDIonHF,range,0.24489999999999998
377,CF3I,bareSurface,0,-0.4089392190272
378,CF3I,bareSurface,1,-0.4711392190272
379,CF3I,bareSurface,2,-0.4409392190272
380,CF3I,bareSurface,3,-0.4575392190272
381,CF3I,bareSurface,4,-0.3859392190272
382,CF3I,bareSurface,5,-0.4304392190272
383,CF3I,bareSurface,6,-0.5233392190272
384,CF3I,bareSurface,7,-0.4128392190272
385,CF3I,bareSurface,8,-0.4348392190272
386,CF3I,bareSurface,9,-0.4103392190272
387,CF3I,bareSurface,mean,-0.43762921902720003
388,CF3I,bareSurface,min,-0.5233392190272
389,CF3I,bareSurface,max,-0.3859392190272
390,CF3I,bareSurface,range,0.13740000000000002
391,ClF5,ADDIonADDI,0,0.2367294408348
392,ClF5,ADDIonADDI,1,-0.0672705591652
393,ClF5,ADDIonADDI,2,-0.0230705591652
394,ClF5,ADDIonADDI,3,0.1347294408348
395,ClF5,ADDIonADDI,4,0.2162294408348
396,ClF5,ADDIonADDI,5,0.0575294408348
397,ClF5,ADDIonADDI,6,0.2115294408348
398,ClF5,ADDIonADDI,7,-0.0161705591652
399,ClF5,ADDIonADDI,8,-0.0360705591652
400,ClF5,ADDIonADDI,9,-0.0726705591652
401,ClF5,ADDIonADDI,mean,0.0641494408348
402,ClF5,ADDIonADDI,min,-0.0726705591652
403,ClF5,ADDIonADDI,max,0.2367294408348
404,ClF5,ADDIonADDI,range,0.3094
405,ClF5,HFonADDI,0,-0.52741658018669
406,ClF5,HFonADDI,1,-0.53061658018669
407,ClF5,HFonADDI,2,-0.53281658018669
408,ClF5,HFonADDI,3,-0.49691658018669
409,ClF5,HFonADDI,4,-0.48111658018669
410,ClF5,HFonADDI,5,-0.47931658018669
411,ClF5,HFonADDI,6,-0.49961658018669
412,ClF5,HFonADDI,7,-0.48971658018669
413,ClF5,HFonADDI,8,-0.46541658018669
414,ClF5,HFonADDI,9,-0.51381658018669
415,ClF5,HFonADDI,mean,-0.50167658018669
416,ClF5,HFonADDI,min,-0.53281658018669
417,ClF5,HFonADDI,max,-0.46541658018669
418,ClF5,HFonADDI,range,0.06739999999999996
419,ClF5,ADDIonHF,0,5.0891294408348
420,ClF5,ADDIonHF,1,5.1311294408348
421,ClF5,ADDIonHF,2,-0.2725705591652
422,ClF5,ADDIonHF,3,4.5228294408348
423,ClF5,ADDIonHF,4,-0.1452705591652
424,ClF5,ADDIonHF,5,0.0424294408348
425,ClF5,ADDIonHF,6,4.7466294408348
426,ClF5,ADDIonHF,7,-0.0968705591652
427,ClF5,ADDIonHF,8,-0.0104705591652
428,ClF5,ADDIonHF,9,6.5132294408348
429,ClF5,ADDIonHF,mean,2.5520194408348003
430,ClF5,ADDIonHF,min,-0.2725705591652
431,ClF5,ADDIonHF,max,6.5132294408348
432,ClF5,ADDIonHF,range,6.7858
433,ClF5,bareSurface,0,-1.0335705591652
434,ClF5,bareSurface,1,-0.9531705591652
435,ClF5,bareSurface,2,-1.1669705591652
436,ClF5,bareSurface,3,-0.9485705591652
437,ClF5,bareSurface,4,-1.3229705591652
438,ClF5,bareSurface,5,-0.6676705591652
439,ClF5,bareSurface,6,-0.8918705591652
440,ClF5,bareSurface,7,-1.5925705591652
441,ClF5,bareSurface,8,-1.1111705591652
442,ClF5,bareSurface,9,-1.3205705591652
443,ClF5,bareSurface,mean,-1.1009105591652
444,ClF5,bareSurface,min,-1.5925705591652
445,ClF5,bareSurface,max,-0.6676705591652
446,ClF5,bareSurface,range,0.9248999999999999
447,CoCl2,ADDIonADDI,0,-1.9453513926459
448,CoCl2,ADDIonADDI,1,-2.1649513926459
449,CoCl2,ADDIonADDI,2,-2.8840513926459
450,CoCl2,ADDIonADDI,3,-2.1199513926459
451,CoCl2,ADDIonADDI,4,-2.6863513926459
452,CoCl2,ADDIonADDI,5,-2.7680513926459
453,CoCl2,ADDIonADDI,6,-1.9913513926459
454,CoCl2,ADDIonADDI,7,-1.4928513926459
455,CoCl2,ADDIonADDI,8,-2.2125513926459
456,CoCl2,ADDIonADDI,9,-1.9461513926459
457,CoCl2,ADDIonADDI,mean,-2.2211613926458997
458,CoCl2,ADDIonADDI,min,-2.8840513926459
459,CoCl2,ADDIonADDI,max,-1.4928513926459
460,CoCl2,ADDIonADDI,range,1.3912000000000002
461,CoCl2,HFonADDI,0,-0.09161658018669
462,CoCl2,HFonADDI,1,-0.03011658018669
463,CoCl2,HFonADDI,2,-0.24611658018669
464,CoCl2,HFonADDI,3,-0.02471658018669
465,CoCl2,HFonADDI,4,-0.03601658018669
466,CoCl2,HFonADDI,5,-0.32611658018669
467,CoCl2,HFonADDI,6,-0.12051658018669
468,CoCl2,HFonADDI,7,-0.08991658018669
469,CoCl2,HFonADDI,8,-0.24031658018669
470,CoCl2,HFonADDI,9,-0.23341658018669
471,CoCl2,HFonADDI,mean,-0.14388658018669
472,CoCl2,HFonADDI,min,-0.32611658018669
473,CoCl2,HFonADDI,max,-0.02471658018669
474,CoCl2,HFonADDI,range,0.3014
475,CoCl2,ADDIonHF,0,-0.8911513926459
476,CoCl2,ADDIonHF,1,-0.4365513926459
477,CoCl2,ADDIonHF,2,-0.7338513926459
478,CoCl2,ADDIonHF,3,-0.9765513926459
479,CoCl2,ADDIonHF,4,-0.6485513926459
480,CoCl2,ADDIonHF,5,-0.7274513926459
481,CoCl2,ADDIonHF,6,-1.0009513926459
482,CoCl2,ADDIonHF,7,-0.5794513926459
483,CoCl2,ADDIonHF,8,-0.6608513926459
484,CoCl2,ADDIonHF,9,-0.5699513926459
485,CoCl2,ADDIonHF,mean,-0.7225313926459
486,CoCl2,ADDIonHF,min,-1.0009513926459
487,CoCl2,ADDIonHF,max,-0.4365513926459
488,CoCl2,ADDIonHF,range,0.5644
489,CoCl2,bareSurface,0,-0.7578513926459
490,CoCl2,bareSurface,1,-0.9788513926459
491,CoCl2,bareSurface,2,-1.2250513926459
492,CoCl2,bareSurface,3,-1.1893513926459
493,CoCl2,bareSurface,4,-0.7697513926459
494,CoCl2,bareSurface,5,-0.7032513926459
495,CoCl2,bareSurface,6,-1.0191513926459
496,CoCl2,bareSurface,7,-0.7840513926459
497,CoCl2,bareSurface,8,-1.2070513926459
498,CoCl2,bareSurface,9,-1.1860513926459
499,CoCl2,bareSurface,mean,-0.9820413926459001
500,CoCl2,bareSurface,min,-1.2250513926459
501,CoCl2,bareSurface,max,-0.7032513926459
502,CoCl2,bareSurface,range,0.5217999999999999
503,COF2,ADDIonADDI,0,-0.3972197800584
504,COF2,ADDIonADDI,1,-0.3134197800584
505,COF2,ADDIonADDI,2,-0.3321197800584
506,COF2,ADDIonADDI,3,-0.3985197800584
507,COF2,ADDIonADDI,4,-0.4189197800584
508,COF2,ADDIonADDI,5,-0.2267197800584
509,COF2,ADDIonADDI,6,-0.3603197800584
510,COF2,ADDIonADDI,7,-0.3272197800584
511,COF2,ADDIonADDI,8,-0.3145197800584
512,COF2,ADDIonADDI,9,-0.3776197800584
513,COF2,ADDIonADDI,mean,-0.34665978005840004
514,COF2,ADDIonADDI,min,-0.4189197800584
515,COF2,ADDIonADDI,max,-0.2267197800584
516,COF2,ADDIonADDI,range,0.19220000000000004
517,COF2,HFonADDI,0,-0.28801658018669
518,COF2,HFonADDI,1,-0.27901658018669
519,COF2,HFonADDI,2,-0.29731658018669
520,COF2,HFonADDI,3,-0.20051658018669
521,COF2,HFonADDI,4,-0.19251658018669
522,COF2,HFonADDI,5,-0.22081658018669
523,COF2,HFonADDI,6,-0.24351658018669
524,COF2,HFonADDI,7,-0.29691658018669
525,COF2,HFonADDI,8,-0.24741658018669
526,COF2,HFonADDI,9,-0.29761658018669
527,COF2,HFonADDI,mean,-0.25636658018669
528,COF2,HFonADDI,min,-0.29761658018669
529,COF2,HFonADDI,max,-0.19251658018669
530,COF2,HFonADDI,range,0.10510000000000003
531,COF2,ADDIonHF,0,-0.3727197800584
532,COF2,ADDIonHF,1,-0.3259197800584
533,COF2,ADDIonHF,2,-0.4217197800584
534,COF2,ADDIonHF,3,-0.1314197800584
535,COF2,ADDIonHF,4,-0.3000197800584
536,COF2,ADDIonHF,5,-0.3322197800584
537,COF2,ADDIonHF,6,-0.1775197800584
538,COF2,ADDIonHF,7,-0.3631197800584
539,COF2,ADDIonHF,8,-0.3589197800584
540,COF2,ADDIonHF,9,-0.3673197800584
541,COF2,ADDIonHF,mean,-0.31508978005839994
542,COF2,ADDIonHF,min,-0.4217197800584
543,COF2,ADDIonHF,max,-0.1314197800584
544,COF2,ADDIonHF,range,0.2903
545,COF2,bareSurface,0,-0.5126197800584
546,COF2,bareSurface,1,-0.5134197800584
547,COF2,bareSurface,2,-0.4257197800584
548,COF2,bareSurface,3,-0.5443197800584
549,COF2,bareSurface,4,-0.4484197800584
550,COF2,bareSurface,5,-0.4542197800584
551,COF2,bareSurface,6,-0.4700197800584
552,COF2,bareSurface,7,-0.5556197800584
553,COF2,bareSurface,8,-0.3098197800584
554,COF2,bareSurface,9,-0.4615197800584
555,COF2,bareSurface,mean,-0.4695697800584
556,COF2,bareSurface,min,-0.5556197800584
557,COF2,bareSurface,max,-0.3098197800584
558,COF2,bareSurface,range,0.24579999999999996
559,COS,ADDIonADDI,0,-0.3538947383067
560,COS,ADDIonADDI,1,-0.3361947383067
561,COS,ADDIonADDI,2,-0.3040947383067
562,COS,ADDIonADDI,3,-0.4895947383067
563,COS,ADDIonADDI,4,-0.3066947383067
564,COS,ADDIonADDI,5,-0.5915947383067
565,COS,ADDIonADDI,6,-0.4419947383067
566,COS,ADDIonADDI,7,-0.2587947383067
567,COS,ADDIonADDI,8,-0.4649947383067
568,COS,ADDIonADDI,9,-0.3883947383067
569,COS,ADDIonADDI,mean,-0.39362473830670003
570,COS,ADDIonADDI,min,-0.5915947383067
571,COS,ADDIonADDI,max,-0.2587947383067
572,COS,ADDIonADDI,range,0.33279999999999993
573,COS,HFonADDI,0,-0.25351658018669
574,COS,HFonADDI,1,-0.34881658018669
575,COS,HFonADDI,2,-0.17491658018669
576,COS,HFonADDI,3,-0.22451658018669
577,COS,HFonADDI,4,-0.39041658018669
578,COS,HFonADDI,5,-0.31211658018669
579,COS,HFonADDI,6,-0.41221658018669
580,COS,HFonADDI,7,-0.38311658018669
581,COS,HFonADDI,8,-0.31941658018669
582,COS,HFonADDI,9,-0.39941658018669
583,COS,HFonADDI,mean,-0.32184658018669
584,COS,HFonADDI,min,-0.41221658018669
585,COS,HFonADDI,max,-0.17491658018669
586,COS,HFonADDI,range,0.23729999999999998
587,COS,ADDIonHF,0,-0.4196947383067
588,COS,ADDIonHF,1,-0.0995947383067
589,COS,ADDIonHF,2,-0.3355947383067
590,COS,ADDIonHF,3,-0.2952947383067
591,COS,ADDIonHF,4,-0.4277947383067
592,COS,ADDIonHF,5,-0.3326947383067
593,COS,ADDIonHF,6,-0.5430947383067
594,COS,ADDIonHF,7,-0.1105947383067
595,COS,ADDIonHF,8,-0.3488947383067
596,COS,ADDIonHF,9,-0.2710947383067
597,COS,ADDIonHF,mean,-0.3184347383067
598,COS,ADDIonHF,min,-0.5430947383067
599,COS,ADDIonHF,max,-0.0995947383067
600,COS,ADDIonHF,range,0.44349999999999995
601,COS,bareSurface,0,-0.4245947383067
602,COS,bareSurface,1,-0.4224947383067
603,COS,bareSurface,2,-0.2424947383067
604,COS,bareSurface,3,-0.3424947383067
605,COS,bareSurface,4,-0.4333947383067
606,COS,bareSurface,5,-0.4545947383067
607,COS,bareSurface,6,-0.3488947383067
608,COS,bareSurface,7,-0.4183947383067
609,COS,bareSurface,8,-0.3707947383067
610,COS,bareSurface,9,-0.4302947383067
611,COS,bareSurface,mean,-0.3888447383067
612,COS,bareSurface,min,-0.4545947383067
613,COS,bareSurface,max,-0.2424947383067
614,COS,bareSurface,range,0.2121
615,CS2,ADDIonADDI,0,-0.4352797754467
616,CS2,ADDIonADDI,1,-0.3166797754467
617,CS2,ADDIonADDI,2,-0.3511797754467
618,CS2,ADDIonADDI,3,-0.3318797754467
619,CS2,ADDIonADDI,4,-0.3849797754467
620,CS2,ADDIonADDI,5,-0.3416797754467
621,CS2,ADDIonADDI,6,-0.3967797754467
622,CS2,ADDIonADDI,7,-0.3358797754467
623,CS2,ADDIonADDI,8,-0.3258797754467
624,CS2,ADDIonADDI,9,-0.3273797754467
625,CS2,ADDIonADDI,mean,-0.3547597754467
626,CS2,ADDIonADDI,min,-0.4352797754467
627,CS2,ADDIonADDI,max,-0.3166797754467
628,CS2,ADDIonADDI,range,0.11859999999999998
629,CS2,HFonADDI,0,-0.21291658018669
630,CS2,HFonADDI,1,-0.20241658018669
631,CS2,HFonADDI,2,-0.24231658018669
632,CS2,HFonADDI,3,-0.15221658018669
633,CS2,HFonADDI,4,-0.25601658018669
634,CS2,HFonADDI,5,-0.15701658018669
635,CS2,HFonADDI,6,-0.20561658018669
636,CS2,HFonADDI,7,-0.19021658018669
637,CS2,HFonADDI,8,-0.20601658018669
638,CS2,HFonADDI,9,-0.16051658018669
639,CS2,HFonADDI,mean,-0.19852658018669
640,CS2,HFonADDI,min,-0.25601658018669
641,CS2,HFonADDI,max,-0.15221658018669
642,CS2,HFonADDI,range,0.1038
643,CS2,ADDIonHF,0,-0.3257797754467
644,CS2,ADDIonHF,1,-0.2238797754467
645,CS2,ADDIonHF,2,-0.3152797754467
646,CS2,ADDIonHF,3,-0.3496797754467
647,CS2,ADDIonHF,4,-0.2022797754467
648,CS2,ADDIonHF,5,-0.3153797754467
649,CS2,ADDIonHF,6,-0.3655797754467
650,CS2,ADDIonHF,7,-0.3903797754467
651,CS2,ADDIonHF,8,-0.3327797754467
652,CS2,ADDIonHF,9,-0.3520797754467
653,CS2,ADDIonHF,mean,-0.31730977544669997
654,CS2,ADDIonHF,min,-0.3903797754467
655,CS2,ADDIonHF,max,-0.2022797754467
656,CS2,ADDIonHF,range,0.1881
657,CS2,bareSurface,0,-0.3070797754467
658,CS2,bareSurface,1,-0.3750797754467
659,CS2,bareSurface,2,-0.3455797754467
660,CS2,bareSurface,3,-0.3526797754467
661,CS2,bareSurface,4,-0.3681797754467
662,CS2,bareSurface,5,-0.3756797754467
663,CS2,bareSurface,6,-0.3497797754467
664,CS2,bareSurface,7,-0.2944797754467
665,CS2,bareSurface,8,-0.3799797754467
666,CS2,bareSurface,9,-0.3767797754467
667,CS2,bareSurface,mean,-0.3525297754467
668,CS2,bareSurface,min,-0.3799797754467
669,CS2,bareSurface,max,-0.2944797754467
670,CS2,bareSurface,range,0.08549999999999996
671,HfCl4,ADDIonADDI,0,-0.4853705079132
672,HfCl4,ADDIonADDI,1,-0.4445705079132
673,HfCl4,ADDIonADDI,2,-0.0213705079132
674,HfCl4,ADDIonADDI,3,-0.3409705079132
675,HfCl4,ADDIonADDI,4,-0.4054705079132
676,HfCl4,ADDIonADDI,5,-0.5048705079132
677,HfCl4,ADDIonADDI,6,-0.3709705079132
678,HfCl4,ADDIonADDI,7,-0.1382705079132
679,HfCl4,ADDIonADDI,8,-0.1869705079132
680,HfCl4,ADDIonADDI,9,-0.0655705079132
681,HfCl4,ADDIonADDI,mean,-0.29644050791320004
682,HfCl4,ADDIonADDI,min,-0.5048705079132
683,HfCl4,ADDIonADDI,max,-0.0213705079132
684,HfCl4,ADDIonADDI,range,0.4835
685,HfCl4,HFonADDI,0,-0.26061658018669
686,HfCl4,HFonADDI,1,-0.21931658018669
687,HfCl4,HFonADDI,2,-0.24851658018669
688,HfCl4,HFonADDI,3,-0.26611658018669
689,HfCl4,HFonADDI,4,-0.28831658018669
690,HfCl4,HFonADDI,5,-0.53971658018669
691,HfCl4,HFonADDI,6,-0.24761658018669
692,HfCl4,HFonADDI,7,-0.41711658018669
693,HfCl4,HFonADDI,8,-0.18681658018669
694,HfCl4,HFonADDI,9,-0.24721658018669
695,HfCl4,HFonADDI,mean,-0.29213658018669003
696,HfCl4,HFonADDI,min,-0.53971658018669
697,HfCl4,HFonADDI,max,-0.18681658018669
698,HfCl4,HFonADDI,range,0.3529
699,HfCl4,ADDIonHF,0,-0.5865705079132
700,HfCl4,ADDIonHF,1,-0.6056705079132
701,HfCl4,ADDIonHF,2,-0.4169705079132
702,HfCl4,ADDIonHF,3,-0.7248705079132
703,HfCl4,ADDIonHF,4,3.1918294920868
704,HfCl4,ADDIonHF,5,-1.0103705079132
705,HfCl4,ADDIonHF,6,-1.3899705079132
706,HfCl4,ADDIonHF,7,-1.2601705079132
707,HfCl4,ADDIonHF,8,-0.0980705079132
708,HfCl4,ADDIonHF,9,-0.4829705079132
709,HfCl4,ADDIonHF,mean,-0.33838050791319996
710,HfCl4,ADDIonHF,min,-1.3899705079132
711,HfCl4,ADDIonHF,max,3.1918294920868
712,HfCl4,ADDIonHF,range,4.5818
713,HfCl4,bareSurface,0,-0.2363705079132
714,HfCl4,bareSurface,1,-0.7572705079132
715,HfCl4,bareSurface,2,-0.4036705079132
716,HfCl4,bareSurface,3,-0.3992705079132
717,HfCl4,bareSurface,4,-0.3958705079132
718,HfCl4,bareSurface,5,-0.3951705079132
719,HfCl4,bareSurface,6,-0.3928705079132
720,HfCl4,bareSurface,7,-0.3931705079132
721,HfCl4,bareSurface,8,-0.9237705079132
722,HfCl4,bareSurface,9,-0.3254705079132
723,HfCl4,bareSurface,mean,-0.4622905079132
724,HfCl4,bareSurface,min,-0.9237705079132
725,HfCl4,bareSurface,max,-0.2363705079132
726,HfCl4,bareSurface,range,0.6874
727,HI,ADDIonADDI,0,-0.60131717287488
728,HI,ADDIonADDI,1,-0.50451717287488
729,HI,ADDIonADDI,2,-0.45961717287488
730,HI,ADDIonADDI,3,-0.53631717287488
731,HI,ADDIonADDI,4,-0.59271717287488
732,HI,ADDIonADDI,5,-0.52891717287488
733,HI,ADDIonADDI,6,-0.41871717287488
734,HI,ADDIonADDI,7,-0.48921717287488
735,HI,ADDIonADDI,8,-0.45281717287488
736,HI,ADDIonADDI,9,-0.44591717287488
737,HI,ADDIonADDI,mean,-0.5030071728748801
738,HI,ADDIonADDI,min,-0.60131717287488
739,HI,ADDIonADDI,max,-0.41871717287488
740,HI,ADDIonADDI,range,0.18259999999999998
741,HI,HFonADDI,0,-0.25011658018669
742,HI,HFonADDI,1,-0.27171658018669
743,HI,HFonADDI,2,-0.16411658018669
744,HI,HFonADDI,3,-0.29781658018669
745,HI,HFonADDI,4,-0.24561658018669
746,HI,HFonADDI,5,-0.24551658018669
747,HI,HFonADDI,6,-0.24701658018669
748,HI,HFonADDI,7,-0.18901658018669
749,HI,HFonADDI,8,-0.27481658018669
750,HI,HFonADDI,9,-0.15281658018669
751,HI,HFonADDI,mean,-0.23385658018668995
752,HI,HFonADDI,min,-0.29781658018669
753,HI,HFonADDI,max,-0.15281658018669
754,HI,HFonADDI,range,0.145
755,HI,ADDIonHF,0,-0.12481717287488
756,HI,ADDIonHF,1,-0.11471717287488
757,HI,ADDIonHF,2,-0.13021717287488
758,HI,ADDIonHF,3,-3.43171717287488
759,HI,ADDIonHF,4,-2.87461717287488
760,HI,ADDIonHF,5,-0.01161717287488
761,HI,ADDIonHF,6,-0.04351717287488
762,HI,ADDIonHF,7,-0.11131717287488
763,HI,ADDIonHF,8,-2.66181717287488
764,HI,ADDIonHF,9,-0.14711717287488
765,HI,ADDIonHF,mean,-0.96514717287488
766,HI,ADDIonHF,min,-3.43171717287488
767,HI,ADDIonHF,max,-0.01161717287488
768,HI,ADDIonHF,range,3.4201
769,HI,bareSurface,0,-0.15121717287488
770,HI,bareSurface,1,-0.14641717287488
771,HI,bareSurface,2,-0.16741717287488
772,HI,bareSurface,3,-0.58891717287488
773,HI,bareSurface,4,-0.13621717287488
774,HI,bareSurface,5,-0.12521717287488
775,HI,bareSurface,6,-0.15991717287488
776,HI,bareSurface,7,-0.12671717287488
777,HI,bareSurface,8,-0.16811717287488
778,HI,bareSurface,9,-0.15641717287488
779,HI,bareSurface,mean,-0.19265717287488002
780,HI,bareSurface,min,-0.58891717287488
781,HI,bareSurface,max,-0.12521717287488
782,HI,bareSurface,range,0.4637
783,IBr,ADDIonADDI,0,-0.3847845937344
784,IBr,ADDIonADDI,1,-0.3995845937344
785,IBr,ADDIonADDI,2,-0.3971845937344
786,IBr,ADDIonADDI,3,-0.7568845937344
787,IBr,ADDIonADDI,4,-0.4838845937344
788,IBr,ADDIonADDI,5,-0.5334845937344
789,IBr,ADDIonADDI,6,-0.4795845937344
790,IBr,ADDIonADDI,7,-0.4740845937344
791,IBr,ADDIonADDI,8,-0.2017845937344
792,IBr,ADDIonADDI,9,-0.3806845937344
793,IBr,ADDIonADDI,mean,-0.4491945937344
794,IBr,ADDIonADDI,min,-0.7568845937344
795,IBr,ADDIonADDI,max,-0.2017845937344
796,IBr,ADDIonADDI,range,0.5550999999999999
797,IBr,HFonADDI,0,-0.19381658018669
798,IBr,HFonADDI,1,-0.35701658018669
799,IBr,HFonADDI,2,-0.35021658018669
800,IBr,HFonADDI,3,-0.21141658018669
801,IBr,HFonADDI,4,-0.24371658018669
802,IBr,HFonADDI,5,-0.37441658018669
803,IBr,HFonADDI,6,-0.35051658018669
804,IBr,HFonADDI,7,-0.24001658018669
805,IBr,HFonADDI,8,-0.24591658018669
806,IBr,HFonADDI,9,-0.29841658018669
807,IBr,HFonADDI,mean,-0.28654658018669
808,IBr,HFonADDI,min,-0.37441658018669
809,IBr,HFonADDI,max,-0.19381658018669
810,IBr,HFonADDI,range,0.18059999999999998
811,IBr,ADDIonHF,0,-0.2218845937344
812,IBr,ADDIonHF,1,-0.1103845937344
813,IBr,ADDIonHF,2,-0.3402845937344
814,IBr,ADDIonHF,3,-0.2441845937344
815,IBr,ADDIonHF,4,-0.2496845937344
816,IBr,ADDIonHF,5,-0.1137845937344
817,IBr,ADDIonHF,6,-0.1601845937344
818,IBr,ADDIonHF,7,-0.0491845937344
819,IBr,ADDIonHF,8,-0.1337845937344
820,IBr,ADDIonHF,9,-0.1883845937344
821,IBr,ADDIonHF,mean,-0.18117459373439998
822,IBr,ADDIonHF,min,-0.3402845937344
823,IBr,ADDIonHF,max,-0.0491845937344
824,IBr,ADDIonHF,range,0.2911
825,IBr,bareSurface,0,-0.3346845937344
826,IBr,bareSurface,1,-0.3984845937344
827,IBr,bareSurface,2,-0.3196845937344
828,IBr,bareSurface,3,-0.3472845937344
829,IBr,bareSurface,4,-0.4338845937344
830,IBr,bareSurface,5,-0.3373845937344
831,IBr,bareSurface,6,-0.3678845937344
832,IBr,bareSurface,7,-0.2455845937344
833,IBr,bareSurface,8,-0.3161845937344
834,IBr,bareSurface,9,-0.4162845937344
835,IBr,bareSurface,mean,-0.35173459373439997
836,IBr,bareSurface,min,-0.4338845937344
837,IBr,bareSurface,max,-0.2455845937344
838,IBr,bareSurface,range,0.18830000000000002
839,IF5,ADDIonADDI,0,0.2514585735317
840,IF5,ADDIonADDI,1,-0.3860414264683
841,IF5,ADDIonADDI,2,-0.4742414264683
842,IF5,ADDIonADDI,3,-0.2105414264683
843,IF5,ADDIonADDI,4,-0.1848414264683
844,IF5,ADDIonADDI,5,0.0065585735317
845,IF5,ADDIonADDI,6,-0.2549414264683
846,IF5,ADDIonADDI,7,0.0121585735317
847,IF5,ADDIonADDI,8,-0.2880414264683
848,IF5,ADDIonADDI,9,-0.4611414264683
849,IF5,ADDIonADDI,mean,-0.1989614264683
850,IF5,ADDIonADDI,min,-0.4742414264683
851,IF5,ADDIonADDI,max,0.2514585735317
852,IF5,ADDIonADDI,range,0.7257
853,IF5,HFonADDI,0,-0.36601658018669
854,IF5,HFonADDI,1,-0.34681658018669
855,IF5,HFonADDI,2,-0.33841658018669
856,IF5,HFonADDI,3,-0.43871658018669
857,IF5,HFonADDI,4,-0.43761658018669
858,IF5,HFonADDI,5,-0.36451658018669
859,IF5,HFonADDI,6,-0.30511658018669
860,IF5,HFonADDI,7,-0.36631658018669
861,IF5,HFonADDI,8,-0.33661658018669
862,IF5,HFonADDI,9,-0.33951658018669
863,IF5,HFonADDI,mean,-0.36396658018669
864,IF5,HFonADDI,min,-0.43871658018669
865,IF5,HFonADDI,max,-0.30511658018669
866,IF5,HFonADDI,range,0.1336
867,IF5,ADDIonHF,0,-0.4947414264683
868,IF5,ADDIonHF,1,-0.0743414264683
869,IF5,ADDIonHF,2,-0.2599414264683
870,IF5,ADDIonHF,3,-0.2482414264683
871,IF5,ADDIonHF,4,-0.0443414264683
872,IF5,ADDIonHF,5,-0.1424414264683
873,IF5,ADDIonHF,6,-0.2682414264683
874,IF5,ADDIonHF,7,0.0040585735317
875,IF5,ADDIonHF,8,-0.2977414264683
876,IF5,ADDIonHF,9,-0.1622414264683
877,IF5,ADDIonHF,mean,-0.1988214264683
878,IF5,ADDIonHF,min,-0.4947414264683
879,IF5,ADDIonHF,max,0.0040585735317
880,IF5,ADDIonHF,range,0.4988
881,IF5,bareSurface,0,-0.9936414264683
882,IF5,bareSurface,1,-0.9006414264683
883,IF5,bareSurface,2,-0.4683414264683
884,IF5,bareSurface,3,-0.8763414264683
885,IF5,bareSurface,4,-0.9343414264683
886,IF5,bareSurface,5,-0.8876414264683
887,IF5,bareSurface,6,-0.9607414264683
888,IF5,bareSurface,7,-0.5407414264683
889,IF5,bareSurface,8,-0.8194414264683
890,IF5,bareSurface,9,-0.9399414264683
891,IF5,bareSurface,mean,-0.8321814264683001
892,IF5,bareSurface,min,-0.9936414264683
893,IF5,bareSurface,max,-0.4683414264683
894,IF5,bareSurface,range,0.5253
895,IF7,ADDIonADDI,0,0.2718532131441
896,IF7,ADDIonADDI,1,0.0282532131441
897,IF7,ADDIonADDI,2,0.1969532131441
898,IF7,ADDIonADDI,3,0.2261532131441
899,IF7,ADDIonADDI,4,0.2019532131441
900,IF7,ADDIonADDI,5,0.0186532131441
901,IF7,ADDIonADDI,6,-0.0263467868559
902,IF7,ADDIonADDI,7,0.2333532131441
903,IF7,ADDIonADDI,8,-0.0216467868559
904,IF7,ADDIonADDI,9,0.1997532131441
905,IF7,ADDIonADDI,mean,0.1328932131441
906,IF7,ADDIonADDI,min,-0.0263467868559
907,IF7,ADDIonADDI,max,0.2718532131441
908,IF7,ADDIonADDI,range,0.2982
909,IF7,HFonADDI,0,-0.46661658018669
910,IF7,HFonADDI,1,-0.51881658018669
911,IF7,HFonADDI,2,-0.44791658018669
912,IF7,HFonADDI,3,-0.38901658018669
913,IF7,HFonADDI,4,-0.54241658018669
914,IF7,HFonADDI,5,-0.54171658018669
915,IF7,HFonADDI,6,-0.53381658018669
916,IF7,HFonADDI,7,-0.51181658018669
917,IF7,HFonADDI,8,-0.49211658018669
918,IF7,HFonADDI,9,-0.47381658018669
919,IF7,HFonADDI,mean,-0.49180658018668993
920,IF7,HFonADDI,min,-0.54241658018669
921,IF7,HFonADDI,max,-0.38901658018669
922,IF7,HFonADDI,range,0.15340000000000004
923,IF7,ADDIonHF,0,7.6439532131441
924,IF7,ADDIonHF,1,-0.2747467868559
925,IF7,ADDIonHF,2,6.7968532131441
926,IF7,ADDIonHF,3,-0.0665467868559
927,IF7,ADDIonHF,4,6.8852532131441
928,IF7,ADDIonHF,5,6.5904532131441
929,IF7,ADDIonHF,6,0.0403532131441
930,IF7,ADDIonHF,7,-0.0119467868559
931,IF7,ADDIonHF,8,-0.6815467868559
932,IF7,ADDIonHF,9,6.7406532131441
933,IF7,ADDIonHF,mean,3.3662732131441
934,IF7,ADDIonHF,min,-0.6815467868559
935,IF7,ADDIonHF,max,7.6439532131441
936,IF7,ADDIonHF,range,8.3255
937,IF7,bareSurface,0,-1.8264467868559
938,IF7,bareSurface,1,-1.9622467868559
939,IF7,bareSurface,2,-1.9882467868559
940,IF7,bareSurface,3,-1.5257467868559
941,IF7,bareSurface,4,-1.9742467868559
942,IF7,bareSurface,5,-2.0028467868559
943,IF7,bareSurface,6,-1.9200467868559
944,IF7,bareSurface,7,-1.9872467868559
945,IF7,bareSurface,8,-1.9475467868559
946,IF7,bareSurface,9,-0.9309467868559
947,IF7,bareSurface,mean,-1.8065567868559
948,IF7,bareSurface,min,-2.0028467868559
949,IF7,bareSurface,max,-0.9309467868559
950,IF7,bareSurface,range,1.0718999999999999
951,NbF5,ADDIonADDI,0,-0.6583589387045
952,NbF5,ADDIonADDI,1,-0.8223589387045
953,NbF5,ADDIonADDI,2,-0.6316589387045
954,NbF5,ADDIonADDI,3,-0.9317589387045
955,NbF5,ADDIonADDI,4,-0.8223589387045
956,NbF5,ADDIonADDI,5,-0.6530589387045
957,NbF5,ADDIonADDI,6,-0.8949589387045
958,NbF5,ADDIonADDI,7,-1.7812589387045
959,NbF5,ADDIonADDI,8,-0.6534589387045
960,NbF5,ADDIonADDI,9,-0.8903589387045
961,NbF5,ADDIonADDI,mean,-0.8739589387044999
962,NbF5,ADDIonADDI,min,-1.7812589387045
963,NbF5,ADDIonADDI,max,-0.6316589387045
964,NbF5,ADDIonADDI,range,1.1496
965,NbF5,HFonADDI,0,-0.54631658018669
966,NbF5,HFonADDI,1,-0.46221658018669
967,NbF5,HFonADDI,2,-0.28641658018669
968,NbF5,HFonADDI,3,-0.30201658018669
969,NbF5,HFonADDI,4,-0.28261658018669
970,NbF5,HFonADDI,5,-0.23261658018669
971,NbF5,HFonADDI,6,-0.36621658018669
972,NbF5,HFonADDI,7,-0.29741658018669
973,NbF5,HFonADDI,8,-0.28831658018669
974,NbF5,HFonADDI,9,-0.30151658018669
975,NbF5,HFonADDI,mean,-0.33656658018669
976,NbF5,HFonADDI,min,-0.54631658018669
977,NbF5,HFonADDI,max,-0.23261658018669
978,NbF5,HFonADDI,range,0.3137000000000001
979,NbF5,ADDIonHF,0,-0.8852589387045
980,NbF5,ADDIonHF,1,-0.5371589387045
981,NbF5,ADDIonHF,2,-0.6716589387045
982,NbF5,ADDIonHF,3,-0.4508589387045
983,NbF5,ADDIonHF,4,-0.6995589387045
984,NbF5,ADDIonHF,5,-0.8611589387045
985,NbF5,ADDIonHF,6,-0.7909589387045
986,NbF5,ADDIonHF,7,-1.0560589387045
987,NbF5,ADDIonHF,8,-0.5665589387045
988,NbF5,ADDIonHF,9,-0.8556589387045
989,NbF5,ADDIonHF,mean,-0.7374889387044999
990,NbF5,ADDIonHF,min,-1.0560589387045
991,NbF5,ADDIonHF,max,-0.4508589387045
992,NbF5,ADDIonHF,range,0.6052000000000001
993,NbF5,bareSurface,0,-1.1527589387045
994,NbF5,bareSurface,1,-1.2365589387045
995,NbF5,bareSurface,2,-1.3705589387045
996,NbF5,bareSurface,3,-1.0254589387045
997,NbF5,bareSurface,4,-1.0886589387045
998,NbF5,bareSurface,5,-1.1906589387045
999,NbF5,bareSurface,6,-1.2587589387045
1000,NbF5,bareSurface,7,-1.1597589387045
1001,NbF5,bareSurface,8,-1.3000589387045
1002,NbF5,bareSurface,9,-1.3375589387045
1003,NbF5,bareSurface,mean,-1.2120789387045001
1004,NbF5,bareSurface,min,-1.3705589387045
1005,NbF5,bareSurface,max,-1.0254589387045
1006,NbF5,bareSurface,range,0.3451000000000002
1007,NH4F,ADDIonADDI,0,-2.6296707638552
1008,NH4F,ADDIonADDI,1,-2.4594707638552
1009,NH4F,ADDIonADDI,2,-2.8215707638552
1010,NH4F,ADDIonADDI,3,-3.0323707638552
1011,NH4F,ADDIonADDI,4,-2.7673707638552
1012,NH4F,ADDIonADDI,5,-2.6938707638552
1013,NH4F,ADDIonADDI,6,-1.6217707638552
1014,NH4F,ADDIonADDI,7,-2.3103707638552
1015,NH4F,ADDIonADDI,8,-2.2896707638552
1016,NH4F,ADDIonADDI,9,-2.0858707638552
1017,NH4F,ADDIonADDI,mean,-2.4712007638552
1018,NH4F,ADDIonADDI,min,-3.0323707638552
1019,NH4F,ADDIonADDI,max,-1.6217707638552
1020,NH4F,ADDIonADDI,range,1.4106000000000003
1021,NH4F,HFonADDI,0,-1.26301658018669
1022,NH4F,HFonADDI,1,-1.14461658018669
1023,NH4F,HFonADDI,2,0.15218341981331
1024,NH4F,HFonADDI,3,-0.17821658018669
1025,NH4F,HFonADDI,4,-0.23311658018669
1026,NH4F,HFonADDI,5,-0.19701658018669
1027,NH4F,HFonADDI,6,-1.13271658018669
1028,NH4F,HFonADDI,7,-0.18721658018669
1029,NH4F,HFonADDI,8,-1.26931658018669
1030,NH4F,HFonADDI,9,0.14848341981331
1031,NH4F,HFonADDI,mean,-0.5304565801866901
1032,NH4F,HFonADDI,min,-1.26931658018669
1033,NH4F,HFonADDI,max,0.15218341981331
1034,NH4F,HFonADDI,range,1.4215
1035,NH4F,ADDIonHF,0,-2.6842707638552
1036,NH4F,ADDIonHF,1,-3.6903707638552
1037,NH4F,ADDIonHF,2,4.5629292361448
1038,NH4F,ADDIonHF,3,-2.8422707638552
1039,NH4F,ADDIonHF,4,2.9124292361448
1040,NH4F,ADDIonHF,5,4.3982292361448
1041,NH4F,ADDIonHF,6,-2.6726707638552
1042,NH4F,ADDIonHF,7,-3.0745707638552
1043,NH4F,ADDIonHF,8,-3.1597707638552
1044,NH4F,ADDIonHF,9,-3.1278707638552
1045,NH4F,ADDIonHF,mean,-0.9378207638552002
1046,NH4F,ADDIonHF,min,-3.6903707638552
1047,NH4F,ADDIonHF,max,4.5629292361448
1048,NH4F,ADDIonHF,range,8.2533
1049,NH4F,bareSurface,0,-2.3013707638552
1050,NH4F,bareSurface,1,-2.3677707638552
1051,NH4F,bareSurface,2,-2.3104707638552
1052,NH4F,bareSurface,3,4.6517292361448
1053,NH4F,bareSurface,4,-2.2853707638552
1054,NH4F,bareSurface,5,-2.3692707638552
1055,NH4F,bareSurface,6,-2.3717707638552
1056,NH4F,bareSurface,7,-2.3898707638552
1057,NH4F,bareSurface,8,-2.2422707638552
1058,NH4F,bareSurface,9,-2.2800707638552
1059,NH4F,bareSurface,mean,-1.6266507638552
1060,NH4F,bareSurface,min,-2.3898707638552
1061,NH4F,bareSurface,max,4.6517292361448
1062,NH4F,bareSurface,range,7.041600000000001
1063,PF3,ADDIonADDI,0,-0.2039445582168
1064,PF3,ADDIonADDI,1,-0.3508445582168
1065,PF3,ADDIonADDI,2,-0.1206445582168
1066,PF3,ADDIonADDI,3,-0.3720445582168
1067,PF3,ADDIonADDI,4,-0.0890445582168
1068,PF3,ADDIonADDI,5,-0.3917445582168
1069,PF3,ADDIonADDI,6,-0.4549445582168
1070,PF3,ADDIonADDI,7,-0.5988445582168
1071,PF3,ADDIonADDI,8,-0.3319445582168
1072,PF3,ADDIonADDI,9,-0.4752445582168
1073,PF3,ADDIonADDI,mean,-0.3389245582168
1074,PF3,ADDIonADDI,min,-0.5988445582168
1075,PF3,ADDIonADDI,max,-0.0890445582168
1076,PF3,ADDIonADDI,range,0.5098
1077,PF3,HFonADDI,0,-0.16581658018669
1078,PF3,HFonADDI,1,-0.06721658018669
1079,PF3,HFonADDI,2,-0.26651658018669
1080,PF3,HFonADDI,3,-0.20661658018669
1081,PF3,HFonADDI,4,-0.14901658018669
1082,PF3,HFonADDI,5,-0.23571658018669
1083,PF3,HFonADDI,6,-0.28081658018669
1084,PF3,HFonADDI,7,0.00038341981331
1085,PF3,HFonADDI,8,-0.16221658018669
1086,PF3,HFonADDI,9,-0.20851658018669
1087,PF3,HFonADDI,mean,-0.17420658018668997
1088,PF3,HFonADDI,min,-0.28081658018669
1089,PF3,HFonADDI,max,0.00038341981331
1090,PF3,HFonADDI,range,0.2812
1091,PF3,ADDIonHF,0,-0.5356445582168
1092,PF3,ADDIonHF,1,-0.1417445582168
1093,PF3,ADDIonHF,2,-0.3748445582168
1094,PF3,ADDIonHF,3,-0.2311445582168
1095,PF3,ADDIonHF,4,-0.4848445582168
1096,PF3,ADDIonHF,5,-0.3844445582168
1097,PF3,ADDIonHF,6,-0.3322445582168
1098,PF3,ADDIonHF,7,-0.4287445582168
1099,PF3,ADDIonHF,8,-0.3970445582168
1100,PF3,ADDIonHF,9,-0.3074445582168
1101,PF3,ADDIonHF,mean,-0.36181455821680003
1102,PF3,ADDIonHF,min,-0.5356445582168
1103,PF3,ADDIonHF,max,-0.1417445582168
1104,PF3,ADDIonHF,range,0.39390000000000003
1105,PF3,bareSurface,0,-0.4555445582168
1106,PF3,bareSurface,1,-0.3528445582168
1107,PF3,bareSurface,2,-0.3458445582168
1108,PF3,bareSurface,3,-0.3948445582168
1109,PF3,bareSurface,4,-0.3504445582168
1110,PF3,bareSurface,5,-0.4187445582168
1111,PF3,bareSurface,6,-0.2303445582168
1112,PF3,bareSurface,7,-0.4334445582168
1113,PF3,bareSurface,8,-0.4324445582168
1114,PF3,bareSurface,9,-0.3720445582168
1115,PF3,bareSurface,mean,-0.37865455821680005
1116,PF3,bareSurface,min,-0.4555445582168
1117,PF3,bareSurface,max,-0.2303445582168
1118,PF3,bareSurface,range,0.2252
1119,PF5,ADDIonADDI,0,-0.4254932711834
1120,PF5,ADDIonADDI,1,-0.1281932711834
1121,PF5,ADDIonADDI,2,-0.1029932711834
1122,PF5,ADDIonADDI,3,-0.3444932711834
1123,PF5,ADDIonADDI,4,-0.4091932711834
1124,PF5,ADDIonADDI,5,-0.1860932711834
1125,PF5,ADDIonADDI,6,-0.3022932711834
1126,PF5,ADDIonADDI,7,-0.2674932711834
1127,PF5,ADDIonADDI,8,-0.3214932711834
1128,PF5,ADDIonADDI,9,-0.2017932711834
1129,PF5,ADDIonADDI,mean,-0.26895327118340007
1130,PF5,ADDIonADDI,min,-0.4254932711834
1131,PF5,ADDIonADDI,max,-0.1029932711834
1132,PF5,ADDIonADDI,range,0.3225
1133,PF5,HFonADDI,0,-0.25761658018669
1134,PF5,HFonADDI,1,-0.04781658018669
1135,PF5,HFonADDI,2,-0.19091658018669
1136,PF5,HFonADDI,3,-0.29811658018669
1137,PF5,HFonADDI,4,-0.27281658018669
1138,PF5,HFonADDI,5,-0.26111658018669
1139,PF5,HFonADDI,6,-0.22001658018669
1140,PF5,HFonADDI,7,-0.25541658018669
1141,PF5,HFonADDI,8,-0.19781658018669
1142,PF5,HFonADDI,9,-0.02121658018669
1143,PF5,HFonADDI,mean,-0.20228658018669
1144,PF5,HFonADDI,min,-0.29811658018669
1145,PF5,HFonADDI,max,-0.02121658018669
1146,PF5,HFonADDI,range,0.27690000000000003
1147,PF5,ADDIonHF,0,-0.0504932711834
1148,PF5,ADDIonHF,1,-0.2649932711834
1149,PF5,ADDIonHF,2,-0.2408932711834
1150,PF5,ADDIonHF,3,-0.2734932711834
1151,PF5,ADDIonHF,4,-0.1707932711834
1152,PF5,ADDIonHF,5,-0.0471932711834
1153,PF5,ADDIonHF,6,-0.2153932711834
1154,PF5,ADDIonHF,7,-0.2667932711834
1155,PF5,ADDIonHF,8,-0.2331932711834
1156,PF5,ADDIonHF,9,-0.2363932711834
1157,PF5,ADDIonHF,mean,-0.19996327118340002
1158,PF5,ADDIonHF,min,-0.2734932711834
1159,PF5,ADDIonHF,max,-0.0471932711834
1160,PF5,ADDIonHF,range,0.2263
1161,PF5,bareSurface,0,-0.5902932711834
1162,PF5,bareSurface,1,-0.5892932711834
1163,PF5,bareSurface,2,-0.5774932711834
1164,PF5,bareSurface,3,-0.5405932711834
1165,PF5,bareSurface,4,-0.5042932711834
1166,PF5,bareSurface,5,-0.5154932711834
1167,PF5,bareSurface,6,-0.4953932711834
1168,PF5,bareSurface,7,-0.5370932711834
1169,PF5,bareSurface,8,-0.5543932711834
1170,PF5,bareSurface,9,-0.4601932711834
1171,PF5,bareSurface,mean,-0.5364532711834
1172,PF5,bareSurface,min,-0.5902932711834
1173,PF5,bareSurface,max,-0.4601932711834
1174,PF5,bareSurface,range,0.13010000000000005
1175,SO2,ADDIonADDI,0,-1.9224986303765
1176,SO2,ADDIonADDI,1,-2.0358986303765
1177,SO2,ADDIonADDI,2,-2.0849986303765
1178,SO2,ADDIonADDI,3,-2.0168986303765
1179,SO2,ADDIonADDI,4,-1.9637986303765
1180,SO2,ADDIonADDI,5,-1.9556986303765
1181,SO2,ADDIonADDI,6,-1.9948986303765
1182,SO2,ADDIonADDI,7,-2.0860986303765
1183,SO2,ADDIonADDI,8,-1.9677986303765
1184,SO2,ADDIonADDI,9,-1.9733986303765
1185,SO2,ADDIonADDI,mean,-2.0001986303765
1186,SO2,ADDIonADDI,min,-2.0860986303765
1187,SO2,ADDIonADDI,max,-1.9224986303765
1188,SO2,ADDIonADDI,range,0.1636000000000002
1189,SO2,HFonADDI,0,-0.30241658018669
1190,SO2,HFonADDI,1,-0.22381658018669
1191,SO2,HFonADDI,2,-0.26331658018669
1192,SO2,HFonADDI,3,-0.52261658018669
1193,SO2,HFonADDI,4,-0.33561658018669
1194,SO2,HFonADDI,5,-0.39101658018669
1195,SO2,HFonADDI,6,-0.25581658018669
1196,SO2,HFonADDI,7,-0.34931658018669
1197,SO2,HFonADDI,8,-0.40251658018669
1198,SO2,HFonADDI,9,-0.22811658018669
1199,SO2,HFonADDI,mean,-0.32745658018669
1200,SO2,HFonADDI,min,-0.52261658018669
1201,SO2,HFonADDI,max,-0.22381658018669
1202,SO2,HFonADDI,range,0.29879999999999995
1203,SO2,ADDIonHF,0,-1.9540986303765
1204,SO2,ADDIonHF,1,-2.0193986303765
1205,SO2,ADDIonHF,2,-1.9044986303765
1206,SO2,ADDIonHF,3,-2.0174986303765
1207,SO2,ADDIonHF,4,-1.8289986303765
1208,SO2,ADDIonHF,5,-1.8231986303765
1209,SO2,ADDIonHF,6,-1.9755986303765
1210,SO2,ADDIonHF,7,-2.0435986303765
1211,SO2,ADDIonHF,8,-2.0195986303765
1212,SO2,ADDIonHF,9,-2.1113986303765
1213,SO2,ADDIonHF,mean,-1.9697886303765
1214,SO2,ADDIonHF,min,-2.1113986303765
1215,SO2,ADDIonHF,max,-1.8231986303765
1216,SO2,ADDIonHF,range,0.28820000000000023
1217,SO2,bareSurface,0,-2.1934986303765
1218,SO2,bareSurface,1,-2.1942986303765
1219,SO2,bareSurface,2,-2.1060986303765
1220,SO2,bareSurface,3,-2.2104986303765
1221,SO2,bareSurface,4,-2.1760986303765
1222,SO2,bareSurface,5,-2.1580986303765
1223,SO2,bareSurface,6,-2.1566986303765
1224,SO2,bareSurface,7,-2.1160986303765
1225,SO2,bareSurface,8,-2.2606986303765
1226,SO2,bareSurface,9,-2.2732986303765
1227,SO2,bareSurface,mean,-2.1845386303764998
1228,SO2,bareSurface,min,-2.2732986303765
1229,SO2,bareSurface,max,-2.1060986303765
1230,SO2,bareSurface,range,0.1671999999999998
1231,TaCl4,ADDIonADDI,0,-0.8023566163528
1232,TaCl4,ADDIonADDI,1,-0.7709566163528
1233,TaCl4,ADDIonADDI,2,-0.3258566163528
1234,TaCl4,ADDIonADDI,3,-0.5237566163528
1235,TaCl4,ADDIonADDI,4,-0.6124566163528
1236,TaCl4,ADDIonADDI,5,-0.6921566163528
1237,TaCl4,ADDIonADDI,6,-0.1674566163528
1238,TaCl4,ADDIonADDI,7,-0.7255566163528
1239,TaCl4,ADDIonADDI,8,-0.7118566163528
1240,TaCl4,ADDIonADDI,9,-0.7696566163528
1241,TaCl4,ADDIonADDI,mean,-0.6102066163527999
1242,TaCl4,ADDIonADDI,min,-0.8023566163528
1243,TaCl4,ADDIonADDI,max,-0.1674566163528
1244,TaCl4,ADDIonADDI,range,0.6349
1245,TaCl4,HFonADDI,0,-0.66641658018669
1246,TaCl4,HFonADDI,1,-0.22071658018669
1247,TaCl4,HFonADDI,2,-0.21701658018669
1248,TaCl4,HFonADDI,3,-0.26611658018669
1249,TaCl4,HFonADDI,4,-0.27421658018669
1250,TaCl4,HFonADDI,5,-0.20291658018669
1251,TaCl4,HFonADDI,6,-0.25581658018669
1252,TaCl4,HFonADDI,7,-0.61061658018669
1253,TaCl4,HFonADDI,8,-0.33611658018669
1254,TaCl4,HFonADDI,9,-0.18901658018669
1255,TaCl4,HFonADDI,mean,-0.32389658018668993
1256,TaCl4,HFonADDI,min,-0.66641658018669
1257,TaCl4,HFonADDI,max,-0.18901658018669
1258,TaCl4,HFonADDI,range,0.47740000000000005
1259,TaCl4,ADDIonHF,0,-0.6598566163528
1260,TaCl4,ADDIonHF,1,-1.2325566163528
1261,TaCl4,ADDIonHF,2,-0.6077566163528
1262,TaCl4,ADDIonHF,3,-0.8435566163528
1263,TaCl4,ADDIonHF,4,-1.2312566163528
1264,TaCl4,ADDIonHF,5,-0.5542566163528
1265,TaCl4,ADDIonHF,6,-0.6274566163528
1266,TaCl4,ADDIonHF,7,-0.8500566163528
1267,TaCl4,ADDIonHF,8,-1.2385566163528
1268,TaCl4,ADDIonHF,9,-0.8276566163528
1269,TaCl4,ADDIonHF,mean,-0.8672966163528001
1270,TaCl4,ADDIonHF,min,-1.2385566163528
1271,TaCl4,ADDIonHF,max,-0.5542566163528
1272,TaCl4,ADDIonHF,range,0.6842999999999999
1273,TaCl4,bareSurface,0,-0.8031566163528
1274,TaCl4,bareSurface,1,-0.4972566163528
1275,TaCl4,bareSurface,2,-0.4409566163528
1276,TaCl4,bareSurface,3,-0.4986566163528
1277,TaCl4,bareSurface,4,-0.4919566163528
1278,TaCl4,bareSurface,5,-0.4287566163528
1279,TaCl4,bareSurface,6,-0.5024566163528
1280,TaCl4,bareSurface,7,-0.7585566163528
1281,TaCl4,bareSurface,8,-0.5008566163528
1282,TaCl4,bareSurface,9,-0.4975566163528
1283,TaCl4,bareSurface,mean,-0.5420166163528
1284,TaCl4,bareSurface,min,-0.8031566163528
1285,TaCl4,bareSurface,max,-0.4287566163528
1286,TaCl4,bareSurface,range,0.3744
1287,TaF5,ADDIonADDI,0,-0.6423743636343
1288,TaF5,ADDIonADDI,1,-1.3949743636343
1289,TaF5,ADDIonADDI,2,-0.6268743636343
1290,TaF5,ADDIonADDI,3,-0.6252743636343
1291,TaF5,ADDIonADDI,4,-0.5464743636343
1292,TaF5,ADDIonADDI,5,-0.6948743636343
1293,TaF5,ADDIonADDI,6,-0.5379743636343
1294,TaF5,ADDIonADDI,7,-0.7499743636343
1295,TaF5,ADDIonADDI,8,-0.6517743636343
1296,TaF5,ADDIonADDI,9,-0.5925743636343
1297,TaF5,ADDIonADDI,mean,-0.7063143636343001
1298,TaF5,ADDIonADDI,min,-1.3949743636343
1299,TaF5,ADDIonADDI,max,-0.5379743636343
1300,TaF5,ADDIonADDI,range,0.857
1301,TaF5,HFonADDI,0,-0.25731658018669
1302,TaF5,HFonADDI,1,-0.48941658018669
1303,TaF5,HFonADDI,2,-0.23441658018669
1304,TaF5,HFonADDI,3,-0.48741658018669
1305,TaF5,HFonADDI,4,-0.34671658018669
1306,TaF5,HFonADDI,5,-0.29071658018669
1307,TaF5,HFonADDI,6,-0.29041658018669
1308,TaF5,HFonADDI,7,-0.29621658018669
1309,TaF5,HFonADDI,8,-0.46751658018669
1310,TaF5,HFonADDI,9,-0.22751658018669
1311,TaF5,HFonADDI,mean,-0.33876658018669
1312,TaF5,HFonADDI,min,-0.48941658018669
1313,TaF5,HFonADDI,max,-0.22751658018669
1314,TaF5,HFonADDI,range,0.2619
1315,TaF5,ADDIonHF,0,-0.5155743636343
1316,TaF5,ADDIonHF,1,-1.0532743636343
1317,TaF5,ADDIonHF,2,-0.8262743636343
1318,TaF5,ADDIonHF,3,-1.0454743636343
1319,TaF5,ADDIonHF,4,-0.9153743636343
1320,TaF5,ADDIonHF,5,-1.1323743636343
1321,TaF5,ADDIonHF,6,-0.9986743636343
1322,TaF5,ADDIonHF,7,-0.9604743636343
1323,TaF5,ADDIonHF,8,-0.7530743636343
1324,TaF5,ADDIonHF,9,-0.1873743636343
1325,TaF5,ADDIonHF,mean,-0.8387943636342999
1326,TaF5,ADDIonHF,min,-1.1323743636343
1327,TaF5,ADDIonHF,max,-0.1873743636343
1328,TaF5,ADDIonHF,range,0.9450000000000001
1329,TaF5,bareSurface,0,-1.3276743636343
1330,TaF5,bareSurface,1,-1.1866743636343
1331,TaF5,bareSurface,2,-1.4260743636343
1332,TaF5,bareSurface,3,-1.4653743636343
1333,TaF5,bareSurface,4,-1.4240743636343
1334,TaF5,bareSurface,5,-1.3146743636343
1335,TaF5,bareSurface,6,-1.4258743636343
1336,TaF5,bareSurface,7,-1.3006743636343
1337,TaF5,bareSurface,8,-1.3465743636343
1338,TaF5,bareSurface,9,-1.2202743636343
1339,TaF5,bareSurface,mean,-1.3437943636343
1340,TaF5,bareSurface,min,-1.4653743636343
1341,TaF5,bareSurface,max,-1.1866743636343
1342,TaF5,bareSurface,range,0.27869999999999995
1343,TiCl4,ADDIonADDI,0,-0.3436601187715
1344,TiCl4,ADDIonADDI,1,-0.3321601187715
1345,TiCl4,ADDIonADDI,2,-0.3431601187715
1346,TiCl4,ADDIonADDI,3,-0.3506601187715
1347,TiCl4,ADDIonADDI,4,-0.3709601187715
1348,TiCl4,ADDIonADDI,5,-0.2670601187715
1349,TiCl4,ADDIonADDI,6,-0.2926601187715
1350,TiCl4,ADDIonADDI,7,-0.2175601187715
1351,TiCl4,ADDIonADDI,8,-0.2806601187715
1352,TiCl4,ADDIonADDI,9,-0.2177601187715
1353,TiCl4,ADDIonADDI,mean,-0.3016301187715
1354,TiCl4,ADDIonADDI,min,-0.3709601187715
1355,TiCl4,ADDIonADDI,max,-0.2175601187715
1356,TiCl4,ADDIonADDI,range,0.15339999999999998
1357,TiCl4,HFonADDI,0,-0.24191658018669
1358,TiCl4,HFonADDI,1,-0.24811658018669
1359,TiCl4,HFonADDI,2,-0.06811658018669
1360,TiCl4,HFonADDI,3,-0.23191658018669
1361,TiCl4,HFonADDI,4,-0.26611658018669
1362,TiCl4,HFonADDI,5,-0.24651658018669
1363,TiCl4,HFonADDI,6,-0.24871658018669
1364,TiCl4,HFonADDI,7,-0.25241658018669
1365,TiCl4,HFonADDI,8,-0.24971658018669
1366,TiCl4,HFonADDI,9,-0.22741658018669
1367,TiCl4,HFonADDI,mean,-0.22809658018669002
1368,TiCl4,HFonADDI,min,-0.26611658018669
1369,TiCl4,HFonADDI,max,-0.06811658018669
1370,TiCl4,HFonADDI,range,0.19799999999999998
1371,TiCl4,ADDIonHF,0,-0.2117601187715
1372,TiCl4,ADDIonHF,1,-0.1662601187715
1373,TiCl4,ADDIonHF,2,-0.2085601187715
1374,TiCl4,ADDIonHF,3,-0.2106601187715
1375,TiCl4,ADDIonHF,4,-0.1624601187715
1376,TiCl4,ADDIonHF,5,-0.1762601187715
1377,TiCl4,ADDIonHF,6,-0.1153601187715
1378,TiCl4,ADDIonHF,7,-0.2150601187715
1379,TiCl4,ADDIonHF,8,-0.1842601187715
1380,TiCl4,ADDIonHF,9,-0.1759601187715
1381,TiCl4,ADDIonHF,mean,-0.18266011877149999
1382,TiCl4,ADDIonHF,min,-0.2150601187715
1383,TiCl4,ADDIonHF,max,-0.1153601187715
1384,TiCl4,ADDIonHF,range,0.0997
1385,TiCl4,bareSurface,0,-0.4747601187715
1386,TiCl4,bareSurface,1,-0.4482601187715
1387,TiCl4,bareSurface,2,-0.3953601187715
1388,TiCl4,bareSurface,3,-0.4457601187715
1389,TiCl4,bareSurface,4,-0.4625601187715
1390,TiCl4,bareSurface,5,-0.4581601187715
1391,TiCl4,bareSurface,6,-0.4153601187715
1392,TiCl4,bareSurface,7,-0.4252601187715
1393,TiCl4,bareSurface,8,-0.4471601187715
1394,TiCl4,bareSurface,9,-0.4600601187715
1395,TiCl4,bareSurface,mean,-0.44327011877149997
1396,TiCl4,bareSurface,min,-0.4747601187715
1397,TiCl4,bareSurface,max,-0.3953601187715
1398,TiCl4,bareSurface,range,0.07939999999999997
1399,WF6,ADDIonADDI,0,-0.091749014073
1400,WF6,ADDIonADDI,1,-0.059949014073
1401,WF6,ADDIonADDI,2,-0.026149014073
1402,WF6,ADDIonADDI,3,-0.553749014073
1403,WF6,ADDIonADDI,4,-0.036349014073
1404,WF6,ADDIonADDI,5,-0.505149014073
1405,WF6,ADDIonADDI,6,-0.032249014073
1406,WF6,ADDIonADDI,7,-0.071049014073
1407,WF6,ADDIonADDI,8,-0.028649014073
1408,WF6,ADDIonADDI,9,-0.042749014073
1409,WF6,ADDIonADDI,mean,-0.144779014073
1410,WF6,ADDIonADDI,min,-0.553749014073
1411,WF6,ADDIonADDI,max,-0.026149014073
1412,WF6,ADDIonADDI,range,0.5276000000000001
1413,WF6,HFonADDI,0,-0.56931658018669
1414,WF6,HFonADDI,1,-0.50261658018669
1415,WF6,HFonADDI,2,-0.23471658018669
1416,WF6,HFonADDI,3,-0.24451658018669
1417,WF6,HFonADDI,4,-0.24751658018669
1418,WF6,HFonADDI,5,-0.22871658018669
1419,WF6,HFonADDI,6,-0.25111658018669
1420,WF6,HFonADDI,7,-0.25251658018669
1421,WF6,HFonADDI,8,-0.25611658018669
1422,WF6,HFonADDI,9,-0.26731658018669
1423,WF6,HFonADDI,mean,-0.30544658018669
1424,WF6,HFonADDI,min,-0.56931658018669
1425,WF6,HFonADDI,max,-0.22871658018669
1426,WF6,HFonADDI,range,0.34059999999999996
1427,WF6,ADDIonHF,0,-0.195449014073
1428,WF6,ADDIonHF,1,0.051450985927
1429,WF6,ADDIonHF,2,-0.196149014073
1430,WF6,ADDIonHF,3,-0.119749014073
1431,WF6,ADDIonHF,4,0.031250985927
1432,WF6,ADDIonHF,5,-0.081949014073
1433,WF6,ADDIonHF,6,-0.041749014073
1434,WF6,ADDIonHF,7,-0.099349014073
1435,WF6,ADDIonHF,8,-0.128849014073
1436,WF6,ADDIonHF,9,-0.054049014073
1437,WF6,ADDIonHF,mean,-0.08345901407299999
1438,WF6,ADDIonHF,min,-0.196149014073
1439,WF6,ADDIonHF,max,0.051450985927
1440,WF6,ADDIonHF,range,0.24760000000000001
1441,WF6,bareSurface,0,-0.320549014073
1442,WF6,bareSurface,1,-0.540749014073
1443,WF6,bareSurface,2,-0.519249014073
1444,WF6,bareSurface,3,-0.491749014073
1445,WF6,bareSurface,4,-0.482849014073
1446,WF6,bareSurface,5,-0.304749014073
1447,WF6,bareSurface,6,-0.482249014073
1448,WF6,bareSurface,7,-0.506349014073
1449,WF6,bareSurface,8,-0.550049014073
1450,WF6,bareSurface,9,-0.504949014073
1451,WF6,bareSurface,mean,-0.47034901407300006
1452,WF6,bareSurface,min,-0.550049014073
1453,WF6,bareSurface,max,-0.304749014073
1454,WF6,bareSurface,range,0.24530000000000002
1455,XeF2,ADDIonADDI,0,2.5053017950045
1456,XeF2,ADDIonADDI,1,-0.1528982049955
1457,XeF2,ADDIonADDI,2,-0.2844982049955
1458,XeF2,ADDIonADDI,3,-0.0077982049955
1459,XeF2,ADDIonADDI,4,-0.3096982049955
1460,XeF2,ADDIonADDI,5,-0.3062982049955
1461,XeF2,ADDIonADDI,6,-0.1549982049955
1462,XeF2,ADDIonADDI,7,-0.1669982049955
1463,XeF2,ADDIonADDI,8,2.5387017950045
1464,XeF2,ADDIonADDI,9,-0.5912982049955
1465,XeF2,ADDIonADDI,mean,0.3069517950044999
1466,XeF2,ADDIonADDI,min,-0.5912982049955
1467,XeF2,ADDIonADDI,max,2.5387017950045
1468,XeF2,ADDIonADDI,range,3.13
1469,XeF2,HFonADDI,0,-0.49921658018669
1470,XeF2,HFonADDI,1,-0.44511658018669
1471,XeF2,HFonADDI,2,-0.72991658018669
1472,XeF2,HFonADDI,3,-0.55331658018669
1473,XeF2,HFonADDI,4,-0.06861658018669
1474,XeF2,HFonADDI,5,-0.46471658018669
1475,XeF2,HFonADDI,6,-0.49931658018669
1476,XeF2,HFonADDI,7,-0.55061658018669
1477,XeF2,HFonADDI,8,-0.46911658018669
1478,XeF2,HFonADDI,9,-0.46101658018669
1479,XeF2,HFonADDI,mean,-0.47409658018669
1480,XeF2,HFonADDI,min,-0.72991658018669
1481,XeF2,HFonADDI,max,-0.06861658018669
1482,XeF2,HFonADDI,range,0.6613
1483,XeF2,ADDIonHF,0,-0.2406982049955
1484,XeF2,ADDIonHF,1,-0.0321982049955
1485,XeF2,ADDIonHF,2,-0.0402982049955
1486,XeF2,ADDIonHF,3,-0.0115982049955
1487,XeF2,ADDIonHF,4,-0.0312982049955
1488,XeF2,ADDIonHF,5,-0.0228982049955
1489,XeF2,ADDIonHF,6,-0.0110982049955
1490,XeF2,ADDIonHF,7,-0.0360982049955
1491,XeF2,ADDIonHF,8,-0.9820982049955
1492,XeF2,ADDIonHF,9,-0.0070982049955
1493,XeF2,ADDIonHF,mean,-0.14153820499550002
1494,XeF2,ADDIonHF,min,-0.9820982049955
1495,XeF2,ADDIonHF,max,-0.0070982049955
1496,XeF2,ADDIonHF,range,0.9750000000000001
1497,XeF2,bareSurface,0,-0.8899982049955
1498,XeF2,bareSurface,1,-0.9408982049955
1499,XeF2,bareSurface,2,-0.5731982049955
1500,XeF2,bareSurface,3,-0.4437982049955
1501,XeF2,bareSurface,4,-1.0059982049955
1502,XeF2,bareSurface,5,-0.9376982049955
1503,XeF2,bareSurface,6,-0.8425982049955
1504,XeF2,bareSurface,7,-0.4524982049955
1505,XeF2,bareSurface,8,-0.4821982049955
1506,XeF2,bareSurface,9,-0.9166982049955
1507,XeF2,bareSurface,mean,-0.7485582049955
1508,XeF2,bareSurface,min,-1.0059982049955
1509,XeF2,bareSurface,max,-0.4437982049955
1510,XeF2,bareSurface,range,0.5622
